<?xml version="1.0" ?>

<feature-pack xmlns="urn:wildfly:feature-pack:1.1">
    <dependencies>
        <artifact name="org.wildfly:wildfly-feature-pack"/>
    </dependencies>
    <artifact-versions>
        <artifact groupId="net.bytebuddy" artifactId="byte-buddy" version="1.9.5"/>
        <artifact groupId="org.hibernate" artifactId="hibernate-core" version="5.4.0.Final.NH.1"/>
        <artifact groupId="org.hibernate" artifactId="hibernate-envers" version="5.4.0.Final.NH.1"/>
        <artifact groupId="org.wildfly" artifactId="jipijapa-hibernate5" version="14.0.1.Final"/>
        <artifact groupId="org.wildfly" artifactId="wildfly-feature-pack" version="14.0.1.Final" extension="zip"/>
    </artifact-versions>
</feature-pack>
