<?xml version="1.0" encoding="UTF-8"?>
<!--
  ~ Hibernate, Relational Persistence for Idiomatic Java
  ~
  ~ License: GNU Lesser General Public License (LGPL), version 2.1 or later.
  ~ See the lgpl.txt file in the root directory or <http://www.gnu.org/licenses/lgpl-2.1.html>.
  -->
<module xmlns="urn:jboss:module:1.3" name="net.bytebuddy" slot="1.9.5">
    <properties>
        <property name="jboss.api" value="private"/>
    </properties>

    <resources>
        <artifact name="${net.bytebuddy:byte-buddy}"/>
    </resources>
    <dependencies>
        <!-- ByteBuddy currently uses sun.misc.Unsafe -->
        <module name="sun.jdk"/>
    </dependencies>
</module>
