<?xml version="1.0" encoding="UTF-8"?>
<!--
  ~ Hibernate, Relational Persistence for Idiomatic Java
  ~
  ~ License: GNU Lesser General Public License (LGPL), version 2.1 or later.
  ~ See the lgpl.txt file in the root directory or <http://www.gnu.org/licenses/lgpl-2.1.html>.
  -->
<module xmlns="urn:jboss:module:1.3" name="org.hibernate.orm.jipijapa-hibernate5" slot="5.4.0.Final.NH.1">
    <properties>
        <property name="jboss.api" value="private"/>
    </properties>

    <resources>
        <artifact name="${org.wildfly:jipijapa-hibernate5}"/>
    </resources>

    <dependencies>
        <module name="org.hibernate.orm" slot="5.4.0.Final.NH.1"/>
        <module name="javax.api"/>
        <module name="javax.annotation.api"/>
        <module name="javax.enterprise.api"/>
        <module name="javax.persistence.api"/>
        <module name="javax.transaction.api"/>
        <module name="javax.validation.api"/>
        <module name="javax.xml.bind.api"/>
        <module name="org.jboss.as.jpa.spi"/>
        <module name="org.jboss.jandex"/>
        <module name="org.jboss.logging"/>
        <module name="org.jboss.vfs"/>
        <module name="org.hibernate.commons-annotations"/>
        <module name="org.infinispan" services="import"/>
        <module name="org.infinispan.hibernate-cache" services="import" optional="true" slot="for-orm-5.4"/>
    </dependencies>
</module>
