<?xml version="1.0" encoding="UTF-8"?>
<!--
  ~ Hibernate, Relational Persistence for Idiomatic Java
  ~
  ~ License: GNU Lesser General Public License (LGPL), version 2.1 or later.
  ~ See the lgpl.txt file in the root directory or <http://www.gnu.org/licenses/lgpl-2.1.html>.
  -->
<module xmlns="urn:jboss:module:1.3" name="org.hibernate.envers" slot="5.4.0.Final.NH.1">
    <resources>
        <artifact name="${org.hibernate:hibernate-envers}"/>
    </resources>

    <dependencies>
        <module name="org.hibernate.orm" slot="5.4.0.Final.NH.1"/>
        <module name="com.fasterxml.classmate"/>
        <module name="javax.api"/>
        <module name="javax.annotation.api"/>
        <module name="javax.enterprise.api"/>
        <module name="javax.persistence.api"/>
        <module name="javax.transaction.api"/>
        <module name="javax.xml.bind.api"/>
        <module name="org.antlr"/>
        <module name="org.dom4j"/>
        <module name="org.jboss.jandex"/>
        <module name="org.jboss.logging"/>
        <module name="org.hibernate.commons-annotations"/>
        <module name="net.bytebuddy" slot="1.9.5" />
    </dependencies>
</module>
